system,method,rep,tag,x,occupancy,xlabel
CLN025,Random,0,moas_random,0.15,0.0,RMSD cutoff (nm)
CLN025,Random,0,moas_random,0.2,0.0,RMSD cutoff (nm)
CLN025,Random,0,moas_random,0.25,5.394761686402503e-05,RMSD cutoff (nm)
CLN025,Random,0,moas_random,0.3,0.003452647479297602,RMSD cutoff (nm)
CLN025,Random,0,moas_random,0.4,0.050791681277479565,RMSD cutoff (nm)
CLN025,Random,1,moas_s1_random,0.15,0.0,RMSD cutoff (nm)
CLN025,Random,1,moas_s1_random,0.2,0.0,RMSD cutoff (nm)
CLN025,Random,1,moas_s1_random,0.25,0.0,RMSD cutoff (nm)
CLN025,Random,1,moas_s1_random,0.3,0.0001618428505920751,RMSD cutoff (nm)
CLN025,Random,1,moas_s1_random,0.4,0.021309308661289886,RMSD cutoff (nm)
CLN025,Random,2,moas_s2_random,0.15,0.0,RMSD cutoff (nm)
CLN025,Random,2,moas_s2_random,0.2,0.0,RMSD cutoff (nm)
CLN025,Random,2,moas_s2_random,0.25,8.092142529603754e-05,RMSD cutoff (nm)
CLN025,Random,2,moas_s2_random,0.3,0.006662530682707091,RMSD cutoff (nm)
CLN025,Random,2,moas_s2_random,0.4,0.07603916596984328,RMSD cutoff (nm)
CLN025,LAST,0,discover_last,0.15,0.0,RMSD cutoff (nm)
CLN025,LAST,0,discover_last,0.2,0.0012947428047366007,RMSD cutoff (nm)
CLN025,LAST,0,discover_last,0.25,0.02476195614058749,RMSD cutoff (nm)
CLN025,LAST,0,discover_last,0.3,0.10964853127613088,RMSD cutoff (nm)
CLN025,LAST,0,discover_last,0.4,0.1952903730477706,RMSD cutoff (nm)
CLN025,LAST,1,discover_s1_last,0.15,0.0,RMSD cutoff (nm)
CLN025,LAST,1,discover_s1_last,0.2,5.394761686402503e-05,RMSD cutoff (nm)
CLN025,LAST,1,discover_s1_last,0.25,0.016561918377255683,RMSD cutoff (nm)
CLN025,LAST,1,discover_s1_last,0.3,0.06028646184554797,RMSD cutoff (nm)
CLN025,LAST,1,discover_s1_last,0.4,0.15698756507431283,RMSD cutoff (nm)
CLN025,LAST,2,discover_s2_last,0.15,0.0,RMSD cutoff (nm)
CLN025,LAST,2,discover_s2_last,0.2,0.0,RMSD cutoff (nm)
CLN025,LAST,2,discover_s2_last,0.25,0.003776333180481752,RMSD cutoff (nm)
CLN025,LAST,2,discover_s2_last,0.3,0.019016534944568824,RMSD cutoff (nm)
CLN025,LAST,2,discover_s2_last,0.4,0.16480996951959648,RMSD cutoff (nm)
CLN025,Least-counts,0,discover_lc,0.15,0.0,RMSD cutoff (nm)
CLN025,Least-counts,0,discover_lc,0.2,0.0,RMSD cutoff (nm)
CLN025,Least-counts,0,discover_lc,0.25,0.0022118522914250263,RMSD cutoff (nm)
CLN025,Least-counts,0,discover_lc,0.3,0.005286866452674453,RMSD cutoff (nm)
CLN025,Least-counts,0,discover_lc,0.4,0.08623526555714402,RMSD cutoff (nm)
CLN025,Least-counts,1,discover_s1_lc,0.15,0.0,RMSD cutoff (nm)
CLN025,Least-counts,1,discover_s1_lc,0.2,0.0,RMSD cutoff (nm)
CLN025,Least-counts,1,discover_s1_lc,0.25,0.00825398538019583,RMSD cutoff (nm)
CLN025,Least-counts,1,discover_s1_lc,0.3,0.05510749062660157,RMSD cutoff (nm)
CLN025,Least-counts,1,discover_s1_lc,0.4,0.12356701642704933,RMSD cutoff (nm)
CLN025,Least-counts,2,discover_s2_lc,0.15,0.0,RMSD cutoff (nm)
CLN025,Least-counts,2,discover_s2_lc,0.2,0.0003506595096161627,RMSD cutoff (nm)
CLN025,Least-counts,2,discover_s2_lc,0.25,0.004153966498529928,RMSD cutoff (nm)
CLN025,Least-counts,2,discover_s2_lc,0.3,0.04167453402745934,RMSD cutoff (nm)
CLN025,Least-counts,2,discover_s2_lc,0.4,0.153049389043239,RMSD cutoff (nm)
CLN025,kNN-AS,0,discover_knn,0.15,0.0,RMSD cutoff (nm)
CLN025,kNN-AS,0,discover_knn,0.2,0.0,RMSD cutoff (nm)
CLN025,kNN-AS,0,discover_knn,0.25,2.6973808432012517e-05,RMSD cutoff (nm)
CLN025,kNN-AS,0,discover_knn,0.3,0.008092142529603755,RMSD cutoff (nm)
CLN025,kNN-AS,0,discover_knn,0.4,0.09915571979607801,RMSD cutoff (nm)
CLN025,kNN-AS,1,discover_s1_knn,0.15,0.0,RMSD cutoff (nm)
CLN025,kNN-AS,1,discover_s1_knn,0.2,0.0,RMSD cutoff (nm)
CLN025,kNN-AS,1,discover_s1_knn,0.25,0.0014026380384646508,RMSD cutoff (nm)
CLN025,kNN-AS,1,discover_s1_knn,0.3,0.02039219917460146,RMSD cutoff (nm)
CLN025,kNN-AS,1,discover_s1_knn,0.4,0.13306179699511775,RMSD cutoff (nm)
CLN025,kNN-AS,2,discover_s2_knn,0.15,0.0,RMSD cutoff (nm)
CLN025,kNN-AS,2,discover_s2_knn,0.2,0.0,RMSD cutoff (nm)
CLN025,kNN-AS,2,discover_s2_knn,0.25,0.0052059450273784155,RMSD cutoff (nm)
CLN025,kNN-AS,2,discover_s2_knn,0.3,0.028673158363229305,RMSD cutoff (nm)
CLN025,kNN-AS,2,discover_s2_knn,0.4,0.13411377552396622,RMSD cutoff (nm)
CLN025,MOAS,0,moas_static,0.15,0.0,RMSD cutoff (nm)
CLN025,MOAS,0,moas_static,0.2,0.007903325870579667,RMSD cutoff (nm)
CLN025,MOAS,0,moas_static,0.25,0.04046071264801877,RMSD cutoff (nm)
CLN025,MOAS,0,moas_static,0.3,0.07223585898092952,RMSD cutoff (nm)
CLN025,MOAS,0,moas_static,0.4,0.25034391605750816,RMSD cutoff (nm)
CLN025,MOAS,1,moas_s1_static,0.15,0.0,RMSD cutoff (nm)
CLN025,MOAS,1,moas_s1_static,0.2,0.008011221104307718,RMSD cutoff (nm)
CLN025,MOAS,1,moas_s1_static,0.25,0.06792004963180752,RMSD cutoff (nm)
CLN025,MOAS,1,moas_s1_static,0.3,0.1409381490572654,RMSD cutoff (nm)
CLN025,MOAS,1,moas_s1_static,0.4,0.33288376985946644,RMSD cutoff (nm)
CLN025,MOAS,2,moas_s2_static,0.15,0.0,RMSD cutoff (nm)
CLN025,MOAS,2,moas_s2_static,0.2,0.002940145119089364,RMSD cutoff (nm)
CLN025,MOAS,2,moas_s2_static,0.25,0.05249103120869636,RMSD cutoff (nm)
CLN025,MOAS,2,moas_s2_static,0.3,0.12351306881018531,RMSD cutoff (nm)
CLN025,MOAS,2,moas_s2_static,0.4,0.3191810751760041,RMSD cutoff (nm)
CLN025,TAPS,0,discover_taps,0.15,0.0,RMSD cutoff (nm)
CLN025,TAPS,0,discover_taps,0.2,0.0,RMSD cutoff (nm)
CLN025,TAPS,0,discover_taps,0.25,0.0023736951420171015,RMSD cutoff (nm)
CLN025,TAPS,0,discover_taps,0.3,0.0353356890459364,RMSD cutoff (nm)
CLN025,TAPS,0,discover_taps,0.4,0.15555795322741617,RMSD cutoff (nm)
CLN025,TAPS,1,discover_s1_taps,0.15,0.0,RMSD cutoff (nm)
CLN025,TAPS,1,discover_s1_taps,0.2,2.6973808432012517e-05,RMSD cutoff (nm)
CLN025,TAPS,1,discover_s1_taps,0.25,0.006743452108003129,RMSD cutoff (nm)
CLN025,TAPS,1,discover_s1_taps,0.3,0.03034553448601408,RMSD cutoff (nm)
CLN025,TAPS,1,discover_s1_taps,0.4,0.10719391470881774,RMSD cutoff (nm)
CLN025,TAPS,2,discover_s2_taps,0.15,0.0,RMSD cutoff (nm)
CLN025,TAPS,2,discover_s2_taps,0.2,0.0,RMSD cutoff (nm)
CLN025,TAPS,2,discover_s2_taps,0.25,0.0008901356782564131,RMSD cutoff (nm)
CLN025,TAPS,2,discover_s2_taps,0.3,0.010034256736708656,RMSD cutoff (nm)
CLN025,TAPS,2,discover_s2_taps,0.4,0.06349634504895746,RMSD cutoff (nm)
AdK,Random,0,adk_random,-8.0,0.0,window margin (deg)
AdK,Random,0,adk_random,-4.0,0.0,window margin (deg)
AdK,Random,0,adk_random,0.0,0.0014007883506531582,window margin (deg)
AdK,Random,0,adk_random,4.0,0.01649455429955153,window margin (deg)
AdK,Random,0,adk_random,8.0,0.05446786330911815,window margin (deg)
AdK,Random,1,adk_s1_random,-8.0,0.0,window margin (deg)
AdK,Random,1,adk_s1_random,-4.0,0.0,window margin (deg)
AdK,Random,1,adk_s1_random,0.0,0.0,window margin (deg)
AdK,Random,1,adk_s1_random,4.0,0.023281319564343966,window margin (deg)
AdK,Random,1,adk_s1_random,8.0,0.08118057139134117,window margin (deg)
AdK,Random,2,adk_s2_random,-8.0,0.0,window margin (deg)
AdK,Random,2,adk_s2_random,-4.0,0.0,window margin (deg)
AdK,Random,2,adk_s2_random,0.0,0.0,window margin (deg)
AdK,Random,2,adk_s2_random,4.0,0.0008035530073514241,window margin (deg)
AdK,Random,2,adk_s2_random,8.0,0.004571565082364183,window margin (deg)
AdK,LAST,0,adk_last,-8.0,0.0,window margin (deg)
AdK,LAST,0,adk_last,-4.0,0.0,window margin (deg)
AdK,LAST,0,adk_last,0.0,0.0,window margin (deg)
AdK,LAST,0,adk_last,4.0,0.007590318272143857,window margin (deg)
AdK,LAST,0,adk_last,8.0,0.04801772160145942,window margin (deg)
AdK,LAST,1,adk_s1_last,-8.0,0.0,window margin (deg)
AdK,LAST,1,adk_s1_last,-4.0,0.0,window margin (deg)
AdK,LAST,1,adk_s1_last,0.0,0.0,window margin (deg)
AdK,LAST,1,adk_s1_last,4.0,0.002736423754764309,window margin (deg)
AdK,LAST,1,adk_s1_last,8.0,0.04424970952644667,window margin (deg)
AdK,LAST,2,adk_s2_last,-8.0,0.0,window margin (deg)
AdK,LAST,2,adk_s2_last,-4.0,0.0,window margin (deg)
AdK,LAST,2,adk_s2_last,0.0,0.0003366235571337047,window margin (deg)
AdK,LAST,2,adk_s2_last,4.0,0.056943675277714434,window margin (deg)
AdK,LAST,2,adk_s2_last,8.0,0.24244497290723308,window margin (deg)
AdK,Least-counts,0,adk_lc,-8.0,0.0,window margin (deg)
AdK,Least-counts,0,adk_lc,-4.0,0.0,window margin (deg)
AdK,Least-counts,0,adk_lc,0.0,0.004843035692955881,window margin (deg)
AdK,Least-counts,0,adk_lc,4.0,0.015658424818929102,window margin (deg)
AdK,Least-counts,0,adk_lc,8.0,0.0395369797265748,window margin (deg)
AdK,Least-counts,1,adk_s1_lc,-8.0,0.0,window margin (deg)
AdK,Least-counts,1,adk_s1_lc,-4.0,0.0,window margin (deg)
AdK,Least-counts,1,adk_s1_lc,0.0,0.01531094243737173,window margin (deg)
AdK,Least-counts,1,adk_s1_lc,4.0,0.08261393621526533,window margin (deg)
AdK,Least-counts,1,adk_s1_lc,8.0,0.1296109283209,window margin (deg)
AdK,Least-counts,2,adk_s2_lc,-8.0,0.0,window margin (deg)
AdK,Least-counts,2,adk_s2_lc,-4.0,0.0,window margin (deg)
AdK,Least-counts,2,adk_s2_lc,0.0,0.0002714706105916973,window margin (deg)
AdK,Least-counts,2,adk_s2_lc,4.0,0.009675212561488093,window margin (deg)
AdK,Least-counts,2,adk_s2_lc,8.0,0.027244790478982744,window margin (deg)
AdK,kNN-AS,0,adk_knn,-8.0,0.0,window margin (deg)
AdK,kNN-AS,0,adk_knn,-4.0,0.0,window margin (deg)
AdK,kNN-AS,0,adk_knn,0.0,0.0,window margin (deg)
AdK,kNN-AS,0,adk_knn,4.0,0.003223613743099613,window margin (deg)
AdK,kNN-AS,0,adk_knn,8.0,0.033307242316882264,window margin (deg)
AdK,kNN-AS,1,adk_s1_knn,-8.0,0.0,window margin (deg)
AdK,kNN-AS,1,adk_s1_knn,-4.0,0.0006298118165727378,window margin (deg)
AdK,kNN-AS,1,adk_s1_knn,0.0,0.07311246484455593,window margin (deg)
AdK,kNN-AS,1,adk_s1_knn,4.0,0.18313407390515904,window margin (deg)
AdK,kNN-AS,1,adk_s1_knn,8.0,0.25816855067270417,window margin (deg)
AdK,kNN-AS,2,adk_s2_knn,-8.0,0.0,window margin (deg)
AdK,kNN-AS,2,adk_s2_knn,-4.0,0.0,window margin (deg)
AdK,kNN-AS,2,adk_s2_knn,0.0,0.0,window margin (deg)
AdK,kNN-AS,2,adk_s2_knn,4.0,0.0071776829440444775,window margin (deg)
AdK,kNN-AS,2,adk_s2_knn,8.0,0.04560706257940515,window margin (deg)
AdK,MOAS,0,adk_static,-8.0,0.0,window margin (deg)
AdK,MOAS,0,adk_static,-4.0,5.429412211833947e-05,window margin (deg)
AdK,MOAS,0,adk_static,0.0,0.14846184752038744,window margin (deg)
AdK,MOAS,0,adk_static,4.0,0.47977543951091856,window margin (deg)
AdK,MOAS,0,adk_static,8.0,0.6509539477256192,window margin (deg)
AdK,MOAS,1,adk_s1_static,-8.0,0.0,window margin (deg)
AdK,MOAS,1,adk_s1_static,-4.0,0.0,window margin (deg)
AdK,MOAS,1,adk_s1_static,0.0,0.007188541768468146,window margin (deg)
AdK,MOAS,1,adk_s1_static,4.0,0.194774733687331,window margin (deg)
AdK,MOAS,1,adk_s1_static,8.0,0.32906581533483187,window margin (deg)
AdK,MOAS,2,adk_s2_static,-8.0,0.0,window margin (deg)
AdK,MOAS,2,adk_s2_static,-4.0,0.038342509039971336,window margin (deg)
AdK,MOAS,2,adk_s2_static,0.0,0.2782899523297608,window margin (deg)
AdK,MOAS,2,adk_s2_static,4.0,0.4021457037061168,window margin (deg)
AdK,MOAS,2,adk_s2_static,8.0,0.5317457732025931,window margin (deg)
MBP,Random,0,mbp_random,-2.0,0.0,window expansion
MBP,Random,0,mbp_random,-1.0,0.0,window expansion
MBP,Random,0,mbp_random,0.0,0.0,window expansion
MBP,Random,0,mbp_random,1.0,5.25791062765297e-05,window expansion
MBP,Random,0,mbp_random,2.0,0.0009160898132026136,window expansion
MBP,Random,1,mbp_s1_random,-2.0,0.0,window expansion
MBP,Random,1,mbp_s1_random,-1.0,0.0,window expansion
MBP,Random,1,mbp_s1_random,0.0,0.0,window expansion
MBP,Random,1,mbp_s1_random,1.0,0.0,window expansion
MBP,Random,1,mbp_s1_random,2.0,0.0,window expansion
MBP,Random,2,mbp_s2_random,-2.0,0.0,window expansion
MBP,Random,2,mbp_s2_random,-1.0,0.0,window expansion
MBP,Random,2,mbp_s2_random,0.0,9.504684596141906e-05,window expansion
MBP,Random,2,mbp_s2_random,1.0,0.001176963071266934,window expansion
MBP,Random,2,mbp_s2_random,2.0,0.005803924423601547,window expansion
MBP,LAST,0,mbp_last,-2.0,0.05447195410248477,window expansion
MBP,LAST,0,mbp_last,-1.0,0.15447943651376259,window expansion
MBP,LAST,0,mbp_last,0.0,0.26011288329662907,window expansion
MBP,LAST,0,mbp_last,1.0,0.3333899569862465,window expansion
MBP,LAST,0,mbp_last,2.0,0.39119057297069926,window expansion
MBP,LAST,1,mbp_s1_last,-2.0,0.0,window expansion
MBP,LAST,1,mbp_s1_last,-1.0,0.0,window expansion
MBP,LAST,1,mbp_s1_last,0.0,0.0,window expansion
MBP,LAST,1,mbp_s1_last,1.0,0.0,window expansion
MBP,LAST,1,mbp_s1_last,2.0,0.0,window expansion
MBP,LAST,2,mbp_s2_last,-2.0,0.0,window expansion
MBP,LAST,2,mbp_s2_last,-1.0,6.066819954984196e-06,window expansion
MBP,LAST,2,mbp_s2_last,0.0,0.00018604914528618202,window expansion
MBP,LAST,2,mbp_s2_last,1.0,0.002258879296572449,window expansion
MBP,LAST,2,mbp_s2_last,2.0,0.01664937622979496,window expansion
MBP,Least-counts,0,mbp_lc,-2.0,0.0,window expansion
MBP,Least-counts,0,mbp_lc,-1.0,1.2133639909968392e-05,window expansion
MBP,Least-counts,0,mbp_lc,0.0,0.0003377196441607869,window expansion
MBP,Least-counts,0,mbp_lc,1.0,0.005951550375839497,window expansion
MBP,Least-counts,0,mbp_lc,2.0,0.03951926518676705,window expansion
MBP,Least-counts,1,mbp_s1_lc,-2.0,7.280183945981035e-05,window expansion
MBP,Least-counts,1,mbp_s1_lc,-1.0,0.001363012216553116,window expansion
MBP,Least-counts,1,mbp_s1_lc,0.0,0.005963684015749465,window expansion
MBP,Least-counts,1,mbp_s1_lc,1.0,0.016507817097511996,window expansion
MBP,Least-counts,1,mbp_s1_lc,2.0,0.03460918556986651,window expansion
MBP,Least-counts,2,mbp_s2_lc,-2.0,0.0,window expansion
MBP,Least-counts,2,mbp_s2_lc,-1.0,0.0,window expansion
MBP,Least-counts,2,mbp_s2_lc,0.0,0.00010920275918971553,window expansion
MBP,Least-counts,2,mbp_s2_lc,1.0,0.002020251045009737,window expansion
MBP,Least-counts,2,mbp_s2_lc,2.0,0.010503687615395971,window expansion
MBP,kNN-AS,0,mbp_knn,-2.0,0.0,window expansion
MBP,kNN-AS,0,mbp_knn,-1.0,0.00020222733183280654,window expansion
MBP,kNN-AS,0,mbp_knn,0.0,0.001423680416102958,window expansion
MBP,kNN-AS,0,mbp_knn,1.0,0.005441937499620824,window expansion
MBP,kNN-AS,0,mbp_knn,2.0,0.01816810349185934,window expansion
MBP,kNN-AS,1,mbp_s1_knn,-2.0,6.066819954984196e-06,window expansion
MBP,kNN-AS,1,mbp_s1_knn,-1.0,0.0006127488154534038,window expansion
MBP,kNN-AS,1,mbp_s1_knn,0.0,0.007603747676913525,window expansion
MBP,kNN-AS,1,mbp_s1_knn,1.0,0.04149907076541023,window expansion
MBP,kNN-AS,1,mbp_s1_knn,2.0,0.097635355808879,window expansion
MBP,kNN-AS,2,mbp_s2_knn,-2.0,0.0,window expansion
MBP,kNN-AS,2,mbp_s2_knn,-1.0,0.0,window expansion
MBP,kNN-AS,2,mbp_s2_knn,0.0,2.2245006501608718e-05,window expansion
MBP,kNN-AS,2,mbp_s2_knn,1.0,0.001207297171041855,window expansion
MBP,kNN-AS,2,mbp_s2_knn,2.0,0.006058730861710884,window expansion
MBP,MOAS,0,mbp_static,-2.0,0.05187737743506986,window expansion
MBP,MOAS,0,mbp_static,-1.0,0.1569021199491196,window expansion
MBP,MOAS,0,mbp_static,0.0,0.28404851029236006,window expansion
MBP,MOAS,0,mbp_static,1.0,0.40323118830802457,window expansion
MBP,MOAS,0,mbp_static,2.0,0.4897278626795526,window expansion
MBP,MOAS,1,mbp_s1_static,-2.0,0.1886497887735519,window expansion
MBP,MOAS,1,mbp_s1_static,-1.0,0.2689926854374076,window expansion
MBP,MOAS,1,mbp_s1_static,0.0,0.3714531853838174,window expansion
MBP,MOAS,1,mbp_s1_static,1.0,0.4404733737383542,window expansion
MBP,MOAS,1,mbp_s1_static,2.0,0.4728823259378798,window expansion
MBP,MOAS,2,mbp_s2_static,-2.0,0.1708598503922199,window expansion
MBP,MOAS,2,mbp_s2_static,-1.0,0.2503271027092396,window expansion
MBP,MOAS,2,mbp_s2_static,0.0,0.42117684173486786,window expansion
MBP,MOAS,2,mbp_s2_static,1.0,0.5452230870811113,window expansion
MBP,MOAS,2,mbp_s2_static,2.0,0.6376794009217521,window expansion
